{
    "halfcheetah-random-v2": {
        "max": -85.35821533203125,
        "min": -525.959716796875,
        "5": -429.6771545410156,
        "95": -166.9673614501953,
        "norm_max": 1.5692140919232767,
        "norm_min": -1.9796795900189952
    },
    "halfcheetah-medium-v2": {
        "max": 5309.37939453125,
        "min": -310.23419189453125,
        "5": 4488.9462890625,
        "95": 5056.42919921875,
        "norm_max": 45.021971642064734,
        "norm_min": -0.2420846208364055
    },
    "halfcheetah-medium-replay-v2": {
        "max": 4985.1416015625,
        "min": -638.4852905273438,
        "5": -237.02687072753906,
        "95": 4685.0244140625,
        "norm_max": 42.41034764376222,
        "norm_min": -2.886034417093623
    },
    "halfcheetah-medium-expert-v2": {
        "max": 11252.03515625,
        "min": -310.23419189453125,
        "5": 4567.0517578125,
        "95": 10905.771484375,
        "norm_max": 92.88802161376304,
        "norm_min": -0.2420846208364055
    },
    "halfcheetah-expert-v2": {
        "max": 11252.03515625,
        "min": 2045.8277587890625,
        "5": 10331.396484375,
        "95": 10968.16015625,
        "norm_max": 92.88802161376304,
        "norm_min": 18.73518473309647
    },
    "hopper-random-v2": {
        "max": 292.55419921875,
        "min": 2.9301533699035645,
        "5": 6.835689067840576,
        "95": 46.715545654296875,
        "norm_max": 9.611908260208404,
        "norm_min": 0.7129188168367814
    },
    "hopper-medium-v2": {
        "max": 3222.360595703125,
        "min": 315.8680114746094,
        "5": 799.5167846679688,
        "95": 2038.583740234375,
        "norm_max": 99.63314982191261,
        "norm_min": 10.328248536933621
    },
    "hopper-medium-replay-v2": {
        "max": 3192.925048828125,
        "min": -1.4400691986083984,
        "5": 0.9841281175613403,
        "95": 1488.3489990234375,
        "norm_max": 98.72871310591837,
        "norm_min": 0.5786393429471404
    },
    "hopper-medium-expert-v2": {
        "max": 3759.083740234375,
        "min": 315.8680114746094,
        "5": 845.7007446289062,
        "95": 3629.41552734375,
        "norm_max": 116.12450703363233,
        "norm_min": 10.328248536933621
    },
    "hopper-expert-v2": {
        "max": 3759.083740234375,
        "min": 1645.2764892578125,
        "5": 2799.21826171875,
        "95": 3659.8720703125,
        "norm_max": 116.12450703363233,
        "norm_min": 51.17565806416498
    },
    "walker2d-random-v2": {
        "max": 75.0345687866211,
        "min": -17.00582504272461,
        "5": -5.62537956237793,
        "95": 12.25723934173584,
        "norm_max": 1.5990159372026957,
        "norm_min": -0.4059283071080213
    },
    "walker2d-medium-v2": {
        "max": 4226.93994140625,
        "min": -6.6056718826293945,
        "5": 892.2298583984375,
        "95": 3833.1650390625,
        "norm_max": 92.04124932432643,
        "norm_min": -0.17937856790390075
    },
    "walker2d-medium-replay-v2": {
        "max": 4132.00048828125,
        "min": -50.196834564208984,
        "5": -4.9025163650512695,
        "95": 3053.780517578125,
        "norm_max": 89.97315397856003,
        "norm_min": -1.1289382892941804
    },
    "walker2d-medium-expert-v2": {
        "max": 5011.693359375,
        "min": -6.6056718826293945,
        "5": 982.9417114257812,
        "95": 4963.5048828125,
        "norm_max": 109.13577470713676,
        "norm_min": -0.17937856790390075
    },
    "walker2d-expert-v2": {
        "max": 5011.693359375,
        "min": 763.4161376953125,
        "5": 4859.859375,
        "95": 4972.7431640625,
        "norm_max": 109.13577470713676,
        "norm_min": 16.59424365246065
    },
    "ant-random-v2": {
        "max": 106.18464660644531,
        "min": -450.50653076171875,
        "5": -332.42156982421875,
        "95": 10.413385391235352,
        "norm_max": 10.267630052705998,
        "norm_min": -2.9702168873021835
    },
    "ant-medium-v2": {
        "max": 4186.9755859375,
        "min": -529.605712890625,
        "5": 449.8078308105469,
        "95": 3972.205810546875,
        "norm_max": 107.30686481196348,
        "norm_min": -4.851157180002021
    },
    "ant-medium-replay-v2": {
        "max": 3734.8837890625,
        "min": -698.4724731445312,
        "5": -82.86986541748047,
        "95": 3160.4609375,
        "norm_max": 96.5563405479395,
        "norm_min": -8.866727062148508
    },
    "ant-medium-expert-v2": {
        "max": 5670.890625,
        "min": -1708.24267578125,
        "5": 543.00634765625,
        "95": 5350.6552734375,
        "norm_max": 142.59364670772595,
        "norm_min": -32.87857407988134
    },
    "ant-expert-v2": {
        "max": 5670.890625,
        "min": -1708.24267578125,
        "5": 889.7620239257812,
        "95": 5412.1513671875,
        "norm_max": 142.59364670772595,
        "norm_min": -32.87857407988134
    },
    "antmaze-umaze-v2": {
        "max": 1.0,
        "min": 0.0,
        "5": 0.0,
        "95": 1.0,
        "norm_max": 100.0,
        "norm_min": 0.0
    },
    "antmaze-umaze-diverse-v2": {
        "max": 1.0,
        "min": 0.0,
        "5": 0.0,
        "95": 0.0,
        "norm_max": 100.0,
        "norm_min": 0.0
    },
    "antmaze-medium-play-v2": {
        "max": 1.0,
        "min": 0.0,
        "5": 0.0,
        "95": 1.0,
        "norm_max": 100.0,
        "norm_min": 0.0
    },
    "antmaze-medium-diverse-v2": {
        "max": 1.0,
        "min": 0.0,
        "5": 0.0,
        "95": 1.0,
        "norm_max": 100.0,
        "norm_min": 0.0
    },
    "antmaze-large-play-v2": {
        "max": 1.0,
        "min": 0.0,
        "5": 0.0,
        "95": 1.0,
        "norm_max": 100.0,
        "norm_min": 0.0
    },
    "antmaze-large-diverse-v2": {
        "max": 1.0,
        "min": 0.0,
        "5": 0.0,
        "95": 1.0,
        "norm_max": 100.0,
        "norm_min": 0.0
    }
}